文章标题,文章链接,浏览量,收藏量,发布时间
bootstrap multiselect+thymeleaf下拉多选以及回显,https://blog.csdn.net/qq_22871083/article/details/80402579,2288,1,2018-05-22 10:47:20
spring-boot-mail 使用网易163邮箱发送邮件报错：554 DT:SPM,https://blog.csdn.net/qq_22871083/article/details/88036914,2259,1,2019-02-28 17:18:24
Kibana将语言设置为中文,https://blog.csdn.net/qq_22871083/article/details/103703407,1676,,2019-12-25 17:56:41
算法分析与设计2017-2-背包问题的贪心算法,https://blog.csdn.net/qq_22871083/article/details/70170297,1658,2,2017-04-14 11:10:27
SpringBoot + easyexcel + vue 下载 excel 问题,https://blog.csdn.net/qq_22871083/article/details/105378916,1295,3,2020-04-08 09:08:36
算法分析与设计2017-1-棋盘覆盖问题算法,https://blog.csdn.net/qq_22871083/article/details/62888259,963,,2017-03-17 15:00:18
使用这些idea插件让开发效率提高5倍,https://blog.csdn.net/qq_22871083/article/details/103827631,916,4,2020-01-03 21:55:20
如果一个对象有多个方法加了 synchronized，那么该对象有几把锁？,https://blog.csdn.net/qq_22871083/article/details/103739661,781,,2019-12-27 23:22:03
算法分析与设计-10- 最大子段和的动态规划算法,https://blog.csdn.net/qq_22871083/article/details/53150471,767,,2016-11-13 18:19:46
Arrays.sort() VS Arrays.parallelSort(),https://blog.csdn.net/qq_22871083/article/details/103963155,763,,2020-01-13 19:35:26
算法分析与设计-04-循环赛日程表算法,https://blog.csdn.net/qq_22871083/article/details/53150313,760,,2016-11-13 17:52:04
java8 常用代码,https://blog.csdn.net/qq_22871083/article/details/104525776,734,,2020-02-26 21:42:30
java切分List,https://blog.csdn.net/qq_22871083/article/details/103827434,723,,2020-01-03 21:36:33
如何在CentOS 7 / Fedora 31/30/29上安装ELK Stack,https://blog.csdn.net/qq_22871083/article/details/103555839,723,,2019-12-16 01:39:40
Redis 为什么这么快？,https://blog.csdn.net/qq_22871083/article/details/104511778,626,,2020-02-26 10:24:05
慕课网《二进制与Java中的基本数据类型》视频学习笔记,https://blog.csdn.net/qq_22871083/article/details/106317910,558,,2020-05-24 17:25:54
算法分析与设计-02-勒让德多项式的递归算法,https://blog.csdn.net/qq_22871083/article/details/53150259,549,1,2016-11-13 17:44:00
算法分析与设计-06-矩阵连乘问题,https://blog.csdn.net/qq_22871083/article/details/53150378,547,,2016-11-13 18:02:18
算法分析与设计-07-计算矩阵连乘积的备忘录算法,https://blog.csdn.net/qq_22871083/article/details/53150410,499,,2016-11-13 18:08:54
算法分析与设计-15-背包问题的贪心算法,https://blog.csdn.net/qq_22871083/article/details/53150550,495,1,2016-11-13 18:36:37
算法分析与设计-13-活动安排问题的贪心算法,https://blog.csdn.net/qq_22871083/article/details/53150508,465,,2016-11-13 18:28:40
华为云大数据集群 kafka 组件报错解决  KrbException: Message stream modified (41),https://blog.csdn.net/qq_22871083/article/details/105549198,427,,2020-04-16 03:34:48
算法分析与设计-12-数字三角形问题的动态规划算法,https://blog.csdn.net/qq_22871083/article/details/53150500,419,,2016-11-13 18:27:03
算法分析与设计-08-最长公共子序列算法,https://blog.csdn.net/qq_22871083/article/details/53150422,375,1,2016-11-13 18:13:04
算法分析与设计-01-Fibonacci数列的递归算法,https://blog.csdn.net/qq_22871083/article/details/53150200,370,,2016-11-13 17:31:28
配置 Swagger 带 token 访问的两种方式,https://blog.csdn.net/qq_22871083/article/details/107370329,357,,2020-07-15 21:01:45
算法分析与设计-09-   0-1背包问题,https://blog.csdn.net/qq_22871083/article/details/53150451,352,,2016-11-13 18:16:43
Docker 必备可视化工具 Portainer,https://blog.csdn.net/qq_22871083/article/details/104521800,342,1,2020-02-26 18:04:15
算法分析与设计-03-二分搜索算法,https://blog.csdn.net/qq_22871083/article/details/53150299,302,,2016-11-13 17:48:14
SpringBoot 控制台输出 Swagger 接口文档地址,https://blog.csdn.net/qq_22871083/article/details/105781599,269,,2020-04-27 01:18:43
算法分析与设计-14-最小生成树的Prim算法,https://blog.csdn.net/qq_22871083/article/details/53150537,233,,2016-11-13 18:34:36
算法分析与设计-11-最长递增子序列的动态规划算法,https://blog.csdn.net/qq_22871083/article/details/53150482,227,,2016-11-13 18:23:25
算法分析与设计-05-棋盘覆盖问题算法,https://blog.csdn.net/qq_22871083/article/details/53150341,222,,2016-11-13 17:56:38
解决安装 MacOS big sur 卡在12分钟不动的问题,https://blog.csdn.net/qq_22871083/article/details/110790062,204,,2020-12-07 00:29:21
ERROR: parameter “default_transaction_read_only“ cannot be change 错误解决方法,https://blog.csdn.net/qq_22871083/article/details/107508710,188,,2020-07-22 11:16:28
Java 单例模式从入门到入坟（全解全析）,https://blog.csdn.net/qq_22871083/article/details/108273512,143,,2020-08-28 09:42:41
CDH 重装 kafka 报错，挺常见的错误,https://blog.csdn.net/qq_22871083/article/details/105501991,134,,2020-04-14 00:46:49
如果一个对象有多个方法加了 synchronized，那么该对象有几把锁？,https://blog.csdn.net/qq_22871083/article/details/103736575,104,,2019-12-27 18:01:41
慕课网 ThreadLocal 教学视频学习笔记,https://blog.csdn.net/qq_22871083/article/details/104129752,98,,2020-02-01 00:27:51
从《上瘾》到 《不被干扰》,https://blog.csdn.net/qq_22871083/article/details/107590253,94,,2020-07-26 10:41:48
《阿里巴巴 Java 开发手册》第五章MySQL数据库解读（1）,https://blog.csdn.net/qq_22871083/article/details/102982166,92,,2019-11-09 00:40:04
git 如何忽略已经提交的文件或文件夹 (.gitignore文件无效),https://blog.csdn.net/qq_22871083/article/details/107348338,85,,2020-07-14 21:44:37
慕课网《Mybatis缓存详解》视频学习笔记,https://blog.csdn.net/qq_22871083/article/details/107299064,68,,2020-07-12 14:27:33
Linux中递归更改文件扩展名的命令,https://blog.csdn.net/qq_22871083/article/details/106834538,66,,2020-06-18 14:40:42
为什么我们越娱乐反而会越无聊？,https://blog.csdn.net/qq_22871083/article/details/104351621,63,,2020-02-17 00:29:08
IntelliJ IDEA的代码搁置功能,https://blog.csdn.net/qq_22871083/article/details/109377390,62,,2020-10-30 01:20:09
IntelliJ IDEA使用技巧，复制字符串连接文本到剪切板,https://blog.csdn.net/qq_22871083/article/details/109377067,51,,2020-10-30 00:48:11
Lombok 插件在 idea 2020.3 中已经是内置插件,https://blog.csdn.net/qq_22871083/article/details/110931042,40,,2020-12-09 21:51:33
